{
    "changes": [
        {
            "stepTime": 528,
            "bpm": 172,
            "songTime": 51096.7741935484 
        },
        {
            "stepTime": 2384,
            "bpm": 155,
            "songTime": 212957.239309828 
        }
    ]
}